userName,score,at,content
Nuki Ws,4,2026-05-05 06:13:32,terlalu lambat
Rahmat Hidayat,5,2026-05-05 06:13:02,ok
Wajirun Wajir,1,2026-05-05 06:12:11,Ganggu banget notifnya. promo2 ga penting. dapet notif subsidi bisa berulang kali belum notif ga penting lainnya. berisssiiiiiik Giliran ada chat dari buyer ga nongol notifnya. kebanyakan ga guna lu
Evan Munte,5,2026-05-05 06:09:01,👍
Ali Mudin Ali Mudin,5,2026-05-05 06:08:49,aplikasi ini sangat bagus dan terpercaya
Jooy Teea,5,2026-05-05 06:08:04,mantap
Genio Zulvira,5,2026-05-05 06:05:36,"prodauk terbaik dengan harga terbaik,pengiriman selalu aman,top sukaaa shopeee...."
has bullah,5,2026-05-05 06:05:11,bagus sangat membantu sekali
Ch Szsky,2,2026-05-05 06:04:20,pengiriman kurang memuaskan banyak keterlambatan dan penundaan pengiriman
Jenisna Dona,5,2026-05-05 06:03:52,luar biasa bagus
Def Ril,5,2026-05-05 06:03:23,sangat membantu
eva marpaung,2,2026-05-05 06:01:39,"kenapa susah bgt dapat driver shopee food, ini driver nya pada gk niat kerja atau gimana ya? sampe 3x pesanan dicancel tolong ya di perbaiki tuh driver, ini lokasi saya tidak dipelosok, tapi cari driver saja susah bgt sampe 2 jam"
Nono Sutisna,1,2026-05-05 06:00:45,Terlalu banyak iklan Gara gara itu aku gak bisa main sama adek aku untuk bermain minecraft
Reslika Kano,4,2026-05-05 06:00:33,sering sering diskon lah
Lusi Yana,3,2026-05-05 05:58:31,"pengiriman lama sampe masa rmh di tigaraksa beli barang ditangerang kota dibawa dlu ke dc cakung trus balik lg keserang dibawa muter""tuh paket makanya nyampenya lama🙈"
Yuliana Soluta,1,2026-05-05 05:57:59,"daftar vip biar dapat voucher..dr shopee sendiri yg kasih VOC itu di produknya..dipakai co nempel tp ending nya d batalkan alasan aktifitas mencurigakan..anehhh tanya cs katanya "" akun Kaka sangat sehat"" bulan depan co lagi pake voucher masih sama d curigai lagi gilaa emangg"
A ummu Kalsum,5,2026-05-05 05:56:15,senang berbelanja
Vira Julia,5,2026-05-05 05:54:36,"I LOVE YOU SHOPEE, memudahkan belanja apapun buat saya si mager keluar rumah😂👍🔥"
Widya Mao,1,2026-05-05 05:53:05,"Awalnya saya kasih bintang 5. Tapi setelah lbh dr 10 tahun menjadi pengguna, sistem shopee semakin bosokkk. Masa akun suami istri dianggap pengguna yang sama. Padahal sdh verifikasi dgn data diri masing2, rekam wajah masing2 dan perangkat masing2. Hanya karena alamat sama dan sumber dana dr rekening yg sama. Alhasil pesanan selalu balsis. sistem shopee mendeteksi aktivitas tidak wajar. Sontoloyo... Bintang 1 sangat layak untuk shopee yg sistemnya sebosokk ini."
Dwi Retno,5,2026-05-05 05:52:45,pesanan selalu sesuai dan tidak ada kerusakan barangnya
Juari Harianto,5,2026-05-05 05:50:31,saya kasih bintang 5. tapi masih banyak toko yg kurang amanah.
Aisyah Rayana,1,2026-05-05 05:48:57,"udh langganan vip.tapi akun tiba"" hilang.mau co pun harus ganti nomer"
Yudis Nurahman,1,2026-05-05 05:47:08,apk scame vocher ilang pas mau di gunain. apk sampah
Hendrik Saptoaji,5,2026-05-05 05:46:40,"Lengkap, semua ada di shopee"
Arie Debushy,4,2026-05-05 05:46:27,"kenapa kami yang di bagian wilayah labuhan batu desa sei pelancang, di kenai uang jastip lagi padahal udah bayar full ongkir, di kenai jastip sebesar 10,000 ribu"
Fatimah Syamsiah Hrp,5,2026-05-05 05:45:37,"Alhamdulillah dengan adanya aplikasi shopee ini sangat memudahkan sy untuk berbelanja tak perlu sy harus kepasar atau ke mall ,cukup nunggu dirumah ,dan Alhamdulillah sy banyak dikasih voucher dan potongan harga lainnya krn mungkin sy sudah member gold ya??,tks shopee yg sudah sangat membantu banget buat saya 👍👍🙏🙏."
Ronny Mzr,1,2026-05-05 05:43:05,apk bkin rusak hp
firdaus,1,2026-05-05 05:40:32,"setiap kali gw komplain ke cs pakai jalur prioritas GK bisa teratasi bertahun-tahun gw sabar setiap kali gw di rugikan pengiriman yg GK tepat waktu bahkan kirim instant prioritas sampai 2hari jutaan gw rugi di shopee,gw ini belanja,bukan seller, shopee GK ada tanggung jawabnya.gw ada banyak bukti kuat,lu minta share gw di socmed gw gmau debat,fix saatnya gw ninggalin shopee.anggap pelajaran gw selama pakai aplikasi busuk,bnyk promo nipu gw."
Joko Joko,5,2026-05-05 05:38:41,pesanan tiba tepat waktu
Idris,5,2026-05-05 05:38:20,belanja lbh mudah
Mutia Sari,5,2026-05-05 05:37:57,real pick dan mudah cari barang yang sesuai
Cici Thahir,5,2026-05-05 05:36:31,belanja lebih mudah
Rahmayanti,1,2026-05-05 05:36:28,"mohon maaf, makin hari makin mengecewakan shope, 1 paket pengiriman lama 3 hari stuck, dan 1 paket lagi salah alamat, gak ada contact kurir yang bisa dihubungi, komplain lewat aplikasi lama. kenapa kurir spx makin lama kalo kirim paket, dan sering salah alamat. masa iya saya harus muter2 nyari paket saya. ajuin pengembalian lama prises 3x24."
Rejo Phonsel,5,2026-05-05 05:36:24,Aplikasi belanja yang bagus
Hocus Bagus,1,2026-05-05 05:35:15,"Pesanan makanan saya dikirim kerumah org lain & transaksinya dianggap selesai. Gobloknya sistem gak ngijinin ngontak kurir stlah transaksi selesai. Emang retur bisa nggantiin laper?, kl saya lebih milih nyuruh kurirnya balik buat ambil tuh makanan (yg nyasar) daripada retur!"
Ani,3,2026-05-05 05:34:00,apk yg lumayan bagus
Meta Puspita,5,2026-05-05 05:33:23,sukses sellu shopee
Andre Tamarinduz,1,2026-05-05 05:30:09,Saldo 1.6jt mengendap tidak bisa di ambil. sudah seminggu lebih. verif berbelit2. di persusah. padahal nama udah sesuai baik ktp maupun bank. apakah kalau nominal kecil biar orang mengiklaskan?? APLIKASI CACAT!!! SISTEM GAK BISA DETECT NAMA DENGAN BAIK. (PADAHAL FOTO BAGUS HQ)
Nhela Bailia,5,2026-05-05 05:29:42,sangat bagus
Sutikno Wijaya,5,2026-05-05 05:29:15,Alfatihah....
Nia Fitria,2,2026-05-05 05:26:44,"izin saran, kalo bisa nama dan nomor Abang kurir nya di munculin lagi biar disaat orang yang pesan pake bisa menghubungi Abang kurirnya jika ada masalah, contohnya saya salah alamat terus mau chat Abang kurirnya tidak bisa karena nomor tidak tertera pada pelacakan paket saya sudah mengadu ke costumer service dan mau di bantu sampe sekarang Abang kurirnya belom menghubungi saya, tolong di perbaiki lagi aplikasi nya terimakasih 🙏"
roni rwa,5,2026-05-05 05:26:39,"jangan ragu Pokoknya mantap banget lah,oke banget .pengiriman cepat barang sesuai deskripsi...trmksh shopie."
Hafidz Toboalimu,5,2026-05-05 05:25:18,biar bintang berbicara
ahmad mursalaat,5,2026-05-05 05:23:36,Mantap. tingkatkan
Putra Pernando,5,2026-05-05 05:21:49,tempat belanja yang lengkap dan aman buat keluarga anda
Mbak Din,5,2026-05-05 05:21:02,Barang bagus terbukti mencerah kan Saya suka 😊
Saya Saja,1,2026-05-05 05:20:30,barang barang reject di jual
Titik Handarmani,5,2026-05-05 05:18:39,ehh turunin dong semua harga sticker and sticker book jadi 5.000 🤗
Wahyuni Yuni,5,2026-05-05 05:17:30,"bagus, still the best"
Muhammad,5,2026-05-05 05:17:19,"Shopee platform paling OK daripada yang lain. Penggunaannya simple, lebih mudah dipahami oleh orang-orang awam. Saran saya; Ongkirnya jangan Rp0 donk! Ada lebihnya Rp5.000-Rp7.500 gitu! Agar Kinerjanya lebih BAGUS dan Maksimal, kerjanya lebih SEMANGAT. Saya lebih memilih Shopee daripada yang lain.👍"
DEWI DEWI,3,2026-05-05 05:16:15,buat pegalaman saya aplikasi shoppe mau pesan barang enak.yg egak enaknya pas pelayanan kurirnya kadang ada yg baik dan ada yg egak.pegalaman ku berpa hari ini paket ku selalu egak di kirim.dia bnyak alasan trus besok nya baru di kirim kurir yg lain bagus.sebenar nya pihak kantor shopoe tolong di tegas kan buat kurir2 harus sopan santu dan meghargai pesanan pelanggan biar pun COD atau egak COD harus pelayanan baik terhadap pelanggan.sebelum nya terimakasih.
Mas Doy,5,2026-05-05 05:16:07,ok
Astuti Maryunani,2,2026-05-05 05:15:10,"Udah dicopot pemasangan, install ulang, mau log in keluar terus. Karena make akun lama di aplikasi lama juga out terus. Gmn ini? Mana ada transaksi yang harus sy bayar 😪😶, kenapa sekarang kalo barang tiba mau ceklist pesanan diterima nunggu tgl estimasi dulu, kacau nih, parah makin kesini. Harusnya pesanan selesai udah langsung bisa diklik, ini engga bisa."
Doni Rahmat,1,2026-05-05 05:15:01,sama aja boong dikasih diskon receh di Shopee mah. Tetep aja lebih mahal dari pada di toko offline. apalagi saya biasanya sering belanja kebutuhan warung dari shopee. tapi ternyata sekarang di shopee tak lagi ramah kantong. Harga2 produknya di mahal2in karena sellernya dipalak lewat pajak2 yg gak ngotak. belum lagi biaya layanan 2000. dikasih diskon pun ternyata jatohnya tetep mahal! malah lebih murah di offline. 🥲 semakin tidak menarik! diskonya hanya gimmmmiiik
SAMPIT Kalimantan,1,2026-05-05 05:14:46,"apk nya bagus tapi setiap tanggal kembar nya itu hock yg promo2 hp iPhone,saya udah berapa kali dapet harga 30 ribu ke atas gak pernah bisa dibayar yg setiap tanggal kembar hadiah shopee hock yaa saya ada bukti ss dan rekaman layar nya🤣"
Anggun Indriaaa,1,2026-05-05 05:14:37,Kenapa sekarang kalau di buka selalu lemot banget
Randi Gambo,5,2026-05-05 05:14:30,bagus aplikasinya
Adi Thama,5,2026-05-05 05:14:13,oke
Mohammad Ichsan,5,2026-05-05 05:13:49,ok
Irpan GT,1,2026-05-05 05:13:43,"tolong batalkan pesanan saya, saya mohon dengan sangat pihak shopee bisa membantu"
latifah sari,2,2026-05-05 05:12:54,"pliss dehhh iklan lu di apk lainn stop pin ngkkk bikinn emosi sumpah lagi enak enak nonton malah tiba tiba masuk apk shoppe,apalah aku loh udah pencet silang hati hati tetep aja masuk ke shoppe bikin emosi sumpah alhasil harus loding ulang ke apk lainn kalok iklan jangan gitu banget lahh"
Dewi Intan,5,2026-05-05 05:11:41,aku selalu dapet barang gratis terus😛 jadi💸 aman deh
Julia Anisa putri,5,2026-05-05 05:09:48,"kenapa shopee ada pembatasan cod, setahu aku gak ada tu maksimum belanja cod, trus kenapa sekarang ada ?"
Ryan Ibliz,1,2026-05-05 05:09:28,busuk.chat admin nunggu sejam
Surya Hardian,1,2026-05-05 05:08:14,"shoope,shoope mangkin lama mangkin ga jelas,pengiriman selalu di tunda2 trus sampe 2 s/d 3 hari,mangkin lama mangkin ga jelas"
Dewa Ananta,5,2026-05-05 05:07:49,sangat baik
Vava Liry,5,2026-05-05 05:07:37,belanja enak
Nana cantik,5,2026-05-05 05:04:54,bagus
Rahmad Firman,1,2026-05-05 05:02:16,menggangu pencarian playstore
Dimas Dimas,1,2026-05-05 05:01:35,lelet banget paketnya saya pesan ikan sudah lima hari kalo mati rugi 30 ribu Shopee gk jelas
Didi supriadi Supriadi,5,2026-05-05 04:59:25,mantaaaap
Sucipto Yusuf Ahmad,5,2026-05-05 04:57:06,Belanja mudah wagampang dari rumah dan tunggu dengan santai barang datang datang dianterin
Fadli,5,2026-05-05 04:54:36,Terkadang tidak sesuai ukuran yg saya psan
Yustafudin Arif,2,2026-05-05 04:53:59,"belakangan entah kenapa setelah dikirimin uang ada potongan dari shopee pay, uang awal 35 rb dikirim 100 rb jadi 125rb. ini gimana potongannya kok besar 10rb kadang 5000. banyak potongannya skr Shopee"
Dannis Store,1,2026-05-05 04:53:59,aplikasi busuk tidak stabil. saat membalas pesan masuk atau saat mengisi deskripsi produk yang akan diposting eh tiba2 otomatis beralih ke halaman pencarian. benar2 buang-buang waktu.
Diyan Pirmansah,1,2026-05-05 04:53:49,"lu benerin dah sistem pengiriman instan nya,pake layanan instan harus nya cepet sampai tapi gak sampai""sampe susah buat dapetin driver"
kocheng olen,5,2026-05-05 04:52:43,"nah cakep, sekarang udh bisa pake Qris jadi gak ribet kalo mau bayar/ cekout Pake apa aja juga"
Taufik Ismail,1,2026-05-05 04:52:37,apk ga jelas tiba tiba pengiriman di undur di ubah ubah suka hati apk sampah
Yanti Saja,5,2026-05-05 04:51:11,apk bagus
Parli Parli,5,2026-05-05 04:50:43,trimakasih shopee udah sampe barang posenan nya
Freddy Saputra,1,2026-05-05 04:50:29,"app apa ni, verifikasi wajar error trus.. benahi tu dengan baik.."
Badrun Moraxian,1,2026-05-05 04:49:35,kesalahan pada aplikasi shopee ini sangat merugikan Saya pernah membeli 2 alat pompa kecil dan 2 alat pompa besar yang besar berharga 76 k dan yang kecil berharga 45k untuk dua-duanya tapi saat paket datang yang datang yang kecil tapi harganya yang besar itu sepertinya ke error dari shopee ya bangsad banget dan yang besar harganya tetap yang besar jadi yang seharusnya saya mengeluarkan di bawah 150 k jadi saya harus lebih mengeluarkan dari 150 k dan ini termasuk merugikan saya
muhammad fatwa,1,2026-05-05 04:49:01,terakhir gw belanja barang di shopee 1. pengantarannya lama alesannya banyak 2. nyampe barangnya ada yg rusak 3. di balikin tanggal 4 katanya hari itu jga di ambil barangnya taunya ga bisa bilangnya bsk di ambil di tanggal 5 harus atur jadwal pengambilan barang LG tapi di ambil tanggal 6 jelek bgt sumpah sampe gw cancel pengembalian barang / dananya ... gw serasa di suruh pake barang rusak
Fadya Anida,4,2026-05-05 04:48:59,turunkan harga 🗿
Martono,5,2026-05-05 04:47:16,mantapp
ona nuban,5,2026-05-05 04:44:02,baik
SLAMETAE,5,2026-05-05 04:43:48,Belanja online mantull
Jarwo OiOi,5,2026-05-05 04:40:22,"pihak spaylater tolong lebih dibantu, karena pesanan sy banyak dan ga pernah makai spaylater tpi diblokir malah spinjam nya yg bisa"
Nazmi daulay,5,2026-05-05 04:39:37,"recommended untuk install apk satu ini, sangat membantu dan murah"
Ahmad Ahmad,5,2026-05-05 04:38:34,aplikasi terbaik
Syifa Anna,5,2026-05-05 04:36:47,"belanja happy gratis ongkir, mantap 👍🥰 terimakasih shopee"
Tri Yulianto,5,2026-05-05 04:36:02,Bagus
Ketut Neliyati,5,2026-05-05 04:33:09,Shopee oke
Yani Suhartiningsih,5,2026-05-05 04:31:31,sangat suka sih belanja di shopee ini..bnyak kemudahan dan spesial voucher nya juga.. terima kasih shopee
posterken ambon,3,2026-05-05 04:30:44,pinjaman sy di setujui tinggl spaylattr sj yg blom
ali khaidar,5,2026-05-05 04:29:49,sangat puas
Mardiana Diana,5,2026-05-05 04:29:07,"sangat puas,"
aprida hutasuhut,5,2026-05-05 04:28:56,"Review Shopee, Amazing Care dan Seller ramah, reponsif, di chat sering yg jawab mesin chat bot kadang berulang informasi dari chat bot jika bertanya, tlng lgsg di hubungkan dgn seller. Shopee for me The best marketpleace di hp cuman only one aplikasi saja yg di instal."
Mariyatul Kiptiyah,3,2026-05-05 04:28:37,"padah shopee udah bagus, tapi suka kebuka sendiri terus suka muncul ikln vidio pendek, padhl engga buka shopee, udh dimatiin tapi swara vidionya masih ada, jadi males deh kalo mau blanja😏😏"
S. Ritonga,5,2026-05-05 04:26:23,Shopee emang paling ok lh..
